{
    "model": {
        "xml": "best_Yeni_640.xml",
        "bin": "best_Yeni_640.bin"
    },
    "nn_config": {
        "output_format": "detection",
        "NN_family": "YOLO",
        "input_size": "640x640",
        "NN_specific_metadata": {
            "classes": 3,
            "coordinates": 4,
            "anchors": [],
            "anchor_masks": {},
            "iou_threshold": 0.5,
            "confidence_threshold": 0.5
        }
    },
    "mappings": {
        "labels": [
            "Coal",
            "Stone",
            "Unknown"
        ]
    },
    "version": 1
}